Dataset,Gamma,Valid_Pairs,RF_ROC_AUC,RF_G_Mean,RF_F1,RF_MCC,LR_ROC_AUC,LR_G_Mean,LR_F1,LR_MCC
NASA,0,20,0.728459684873798,0.54809239695843,0.28807197727955,0.196763087014294,0.655234212404696,0.561654561581597,0.278189759911872,0.169172915997253
NASA,0.1,20,0.726455389852494,0.551298770928524,0.289686141074304,0.198346803201153,0.649327776140466,0.557458456822074,0.273589992118079,0.162785339703442
NASA,0.2,20,0.729915844207973,0.556691988506754,0.292331311315277,0.200572841777353,0.648257619899578,0.556494840554861,0.270865704427735,0.159547591545203
NASA,0.3,20,0.733282739882159,0.565403496845605,0.296574931978317,0.202417081719229,0.645220807366239,0.561173795152755,0.269676430466721,0.155814552345794
NASA,0.4,20,0.727436462504743,0.560273305957881,0.292480331710146,0.197124723181614,0.638495649535414,0.561073039856667,0.264138693544873,0.146344938017099
NASA,0.5,20,0.719711740056598,0.549491428140865,0.285101436647,0.188782233767055,0.634701647025628,0.555124228873784,0.257617908801692,0.136958289788167
NASA,0.6,20,0.718120697849052,0.545387707984836,0.282481571939198,0.186340740525917,0.632804157128742,0.552448449757318,0.254882731553741,0.133098021861393
NASA,0.7,20,0.717862459126168,0.545436230989242,0.283249246342945,0.186924795838926,0.630731732759874,0.551060491717455,0.253449248724689,0.131087753756602
NASA,0.8,20,0.718116724932097,0.543408014554398,0.281948366133348,0.185054432440087,0.630041955660323,0.551129520103276,0.253277337899575,0.130743320072611
NASA,0.9,20,0.717853281038365,0.545851212807673,0.283588378759554,0.186480411818986,0.629444067699217,0.5500325615588,0.252256745360522,0.129233040724635
NASA,1,20,0.716715713365186,0.54528241008276,0.282561794512135,0.184800534481599,0.62788909639449,0.550305718824328,0.252066948656287,0.128847014871343
RELINK,0,6,0.737752834645272,0.655229259777417,0.580967812317123,0.344685181963908,0.636559127803188,0.588662446281024,0.495592530636837,0.21446226278069
RELINK,0.1,6,0.739974935636392,0.658711420664641,0.585161829822267,0.349219369937176,0.637118939406367,0.593318224735408,0.501118049941869,0.225188544448415
RELINK,0.2,6,0.741070107264742,0.664502967730591,0.592500450544709,0.355443050786545,0.638679212787366,0.596214099358523,0.504542425532201,0.230831001243853
RELINK,0.3,6,0.741280711468697,0.664350704294129,0.592777127470618,0.352637908923182,0.634834999710065,0.593189660051259,0.502296072866718,0.214977828080825
RELINK,0.4,6,0.737641273255028,0.660711255942939,0.588781009042298,0.3452848136692,0.624519883668966,0.587359969316285,0.497810422128308,0.198352984118258
RELINK,0.5,6,0.735956433618478,0.660410824244852,0.588357666866212,0.344480414520322,0.621996969892017,0.583548678745877,0.493379088113862,0.190640892918334
RELINK,0.6,6,0.734241843931681,0.659064865989884,0.586562688052887,0.342513823049277,0.620588535931837,0.581726679264794,0.491408999457817,0.186332916142048
RELINK,0.7,6,0.733956169666589,0.658694394041327,0.58695558827038,0.340859946459701,0.620114294157753,0.581135533427391,0.490955746890149,0.184686394739054
RELINK,0.8,6,0.734132865858905,0.660549170802718,0.588839590272041,0.344002327820182,0.618189796100545,0.579597375667902,0.489048228788887,0.181478332479558
RELINK,0.9,6,0.734325118064865,0.659005590914231,0.586933252210857,0.341906457915789,0.617701190858697,0.578673798357378,0.487822823705863,0.179834747753025
RELINK,1,6,0.733947398410758,0.657867701944892,0.585562562395431,0.340771141146949,0.617639266177869,0.579337764798031,0.488650034233274,0.18086259392548
SOFTLAB,0,20,0.748411622049967,0.642614774929639,0.402629594840459,0.298687382765487,0.732143354006325,0.639619702706102,0.388184360593719,0.27442076744178
SOFTLAB,0.1,20,0.747574302086431,0.642887401348289,0.401358765114168,0.297228200635278,0.731520312723601,0.638544519150504,0.387012509939015,0.272864062881922
SOFTLAB,0.2,20,0.746641940747983,0.641920020264384,0.400026758569293,0.295582421330151,0.729881385696041,0.636973150182121,0.384193379615239,0.268885450937467
SOFTLAB,0.3,20,0.746677993604805,0.642223811822997,0.399926075067114,0.296518420979986,0.727277071657886,0.633010112847619,0.380404400947567,0.263833170758986
SOFTLAB,0.4,20,0.745476136516721,0.638490591749213,0.394567701376446,0.290187048136043,0.724189172038385,0.630943313937438,0.376335057918953,0.258369365295803
SOFTLAB,0.5,20,0.745254814995142,0.637939885571412,0.395453015996919,0.291751724700501,0.722230213961318,0.628483968054162,0.373891146123473,0.255154145212183
SOFTLAB,0.6,20,0.743974322482906,0.638724025354951,0.394398144862827,0.290608837406388,0.720928789677236,0.627801665353784,0.372377777724521,0.253092276060515
SOFTLAB,0.7,20,0.744671000167116,0.636521855785642,0.392589953810217,0.287637696956914,0.720037346943873,0.626477348503167,0.371244079219444,0.25168921411397
SOFTLAB,0.8,20,0.744435820180796,0.638544099635202,0.395185196995371,0.291013089721133,0.719278080355817,0.627575696643288,0.37263989252484,0.25362034273536
SOFTLAB,0.9,20,0.743416217518726,0.637949707451452,0.391981443531169,0.286936963735883,0.718664176081277,0.627208437727386,0.372303417599778,0.25302753415537
SOFTLAB,1,20,0.743087522548103,0.633751161892054,0.389058862770984,0.282656465086536,0.71812112360912,0.625620583165449,0.370671319326787,0.250814666614653
AEEEM,0,20,0.740213441167541,0.612796587358668,0.403158231057021,0.305072376266655,0.668048673293539,0.609528586278637,0.379572032144479,0.260196528000107
AEEEM,0.1,20,0.740404087684651,0.61122031546768,0.400652760304403,0.301231320540203,0.672169898904164,0.610052725562641,0.380272734072873,0.259862269241208
AEEEM,0.2,20,0.736777050537007,0.607457224165253,0.393620948757241,0.289356520804348,0.665996106364344,0.610475607533091,0.375933192548241,0.250185990435442
AEEEM,0.3,20,0.73771284366261,0.60340241525709,0.390674777614817,0.283966380009067,0.657983796210945,0.611677748153474,0.372716833639876,0.238838730677389
AEEEM,0.4,20,0.73376135481152,0.598166628334704,0.386732817961677,0.281575841292578,0.650537606108939,0.611922137927951,0.369831535325689,0.230556414602494
AEEEM,0.5,20,0.730482771570666,0.596480404464576,0.385570101647837,0.282040638859854,0.647931625362476,0.612140093253368,0.368859046034389,0.228111209155426
AEEEM,0.6,20,0.728754050929148,0.595730491485658,0.385410219809613,0.281410868809417,0.645923502262371,0.610696704788021,0.366835103260713,0.224786139072915
AEEEM,0.7,20,0.726138198871289,0.59542655956188,0.385013837315297,0.279599176580317,0.644163838265073,0.610173949994571,0.365946278585373,0.223283557828996
AEEEM,0.8,20,0.724733718669324,0.597021085747384,0.385889120962519,0.279528318436197,0.642280723912177,0.60835279276489,0.363741040773434,0.220027857976412
AEEEM,0.9,20,0.723981230116032,0.595442310079241,0.38450590976042,0.278147262036474,0.641243560810758,0.608237036294718,0.363115738601486,0.219169389767241
AEEEM,1,20,0.720902985415006,0.597327130538888,0.385761748496115,0.278230358469036,0.640566347333144,0.607439992924384,0.362200426335267,0.21767791189027
