Dataset,Project,Purity (%) mean +/- SD,ARI (%) mean +/- SD,NMI (%) mean +/- SD
NASA,CM1,87.16 +/- 0.00,14.92 +/- 0.00,4.04 +/- 0.00
NASA,MW1,90.04 +/- 0.00,17.23 +/- 0.27,8.79 +/- 0.13
NASA,PC1,92.10 +/- 0.00,18.27 +/- 0.52,5.51 +/- 0.26
NASA,PC3,87.70 +/- 0.00,-0.46 +/- 0.06,0.43 +/- 0.04
NASA,PC4,86.21 +/- 0.00,7.36 +/- 0.23,1.15 +/- 0.07
RELINK,A,58.25 +/- 0.00,2.43 +/- 0.00,4.85 +/- 0.00
RELINK,S,73.21 +/- 0.00,19.67 +/- 0.00,14.25 +/- 0.00
RELINK,Z,70.43 +/- 0.00,5.96 +/- 0.00,1.72 +/- 0.00
SOFTLAB,ar1,92.56 +/- 0.00,6.50 +/- 0.25,1.97 +/- 0.09
SOFTLAB,ar3,90.48 +/- 0.00,53.23 +/- 0.00,33.97 +/- 0.00
SOFTLAB,ar4,85.98 +/- 0.00,33.68 +/- 0.00,21.10 +/- 0.00
SOFTLAB,ar5,86.11 +/- 0.00,48.92 +/- 0.00,37.27 +/- 0.00
SOFTLAB,ar6,85.15 +/- 0.00,13.40 +/- 0.00,4.66 +/- 0.00
AEEEM,EQ,64.81 +/- 0.00,5.50 +/- 0.00,12.49 +/- 0.00
AEEEM,JDT,84.45 +/- 0.02,30.61 +/- 0.12,20.56 +/- 0.11
AEEEM,LC,92.04 +/- 0.00,22.42 +/- 0.00,19.39 +/- 0.00
AEEEM,ML,86.84 +/- 0.00,16.77 +/- 0.07,5.53 +/- 0.05
AEEEM,PDE,86.04 +/- 0.00,21.57 +/- 0.00,7.61 +/- 0.00
