Dataset,Project,Samples,Features,Defect_Count,Defect_Percentage,MD_Threshold,Outlier_Count,Outlier_Percentage
AEEEM,EQ,324,61,129,39.8148148148148,93.1861353140891,87,26.8518518518519
AEEEM,JDT,997,61,206,20.6619859578736,93.1861353140891,172,17.2517552657974
AEEEM,LC,691,58,64,9.26193921852388,89.4768697413811,139,20.1157742402315
AEEEM,ML,1862,61,245,13.1578947368421,93.1861353140891,293,15.7357679914071
AEEEM,PDE,1497,61,209,13.9612558450234,93.1861353140891,244,16.2992651970608
RELINK,A,194,26,98,50.5154639175258,48.2898823324568,32,16.4948453608247
RELINK,S,56,26,22,39.2857142857143,48.2898823324568,11,19.6428571428571
RELINK,Z,399,26,118,29.5739348370927,48.2898823324568,50,12.531328320802
SOFTLAB,ar1,121,29,9,7.43801652892562,52.3356177859336,25,20.6611570247934
SOFTLAB,ar3,63,29,8,12.6984126984127,52.3356177859336,14,22.2222222222222
SOFTLAB,ar4,107,29,20,18.6915887850467,52.3356177859336,16,14.9532710280374
SOFTLAB,ar5,36,29,8,22.2222222222222,52.3356177859336,33,91.6666666666667
SOFTLAB,ar6,101,29,15,14.8514851485149,52.3356177859336,14,13.8613861386139
NASA,CM1,327,37,42,12.8440366972477,62.8833354537412,51,15.5963302752294
NASA,MW1,251,37,25,9.9601593625498,62.8833354537412,53,21.1155378486056
NASA,PC1,696,37,55,7.90229885057471,62.8833354537412,80,11.4942528735632
NASA,PC3,1073,37,132,12.3019571295433,62.8833354537412,103,9.59925442684063
NASA,PC4,1276,37,176,13.7931034482759,62.8833354537412,119,9.32601880877743
