Dataset,Project,Samples,Features,Defects_n_Percent,Outliers_n_Percent
AEEEM,EQ,324,61,129 (39.81%),87 (26.85%)
AEEEM,JDT,997,61,206 (20.66%),172 (17.25%)
AEEEM,LC,691,58,64 (9.26%),139 (20.12%)
AEEEM,ML,1862,61,245 (13.16%),293 (15.74%)
AEEEM,PDE,1497,61,209 (13.96%),244 (16.30%)
RELINK,A,194,26,98 (50.52%),32 (16.49%)
RELINK,S,56,26,22 (39.29%),11 (19.64%)
RELINK,Z,399,26,118 (29.57%),50 (12.53%)
SOFTLAB,ar1,121,29,9 (7.44%),25 (20.66%)
SOFTLAB,ar3,63,29,8 (12.70%),14 (22.22%)
SOFTLAB,ar4,107,29,20 (18.69%),16 (14.95%)
SOFTLAB,ar5,36,29,8 (22.22%),33 (91.67%)
SOFTLAB,ar6,101,29,15 (14.85%),14 (13.86%)
NASA,CM1,327,37,42 (12.84%),51 (15.60%)
NASA,MW1,251,37,25 (9.96%),53 (21.12%)
NASA,PC1,696,37,55 (7.90%),80 (11.49%)
NASA,PC3,1073,37,132 (12.30%),103 (9.60%)
NASA,PC4,1276,37,176 (13.79%),119 (9.33%)
