Source,Target,OTOMO,CORAL,TCA+,DPP,ADASYN,SMOTE,TOMO
NASA,,,,,,,,
CM1,MW1,0.6932 +/- 0.0190,0.4362 +/- 0.0000,0.3331 +/- 0.0000,0.5320 +/- 0.0542,0.4996 +/- 0.0118,0.5026 +/- 0.0273,0.4775 +/- 0.0099
CM1,PC1,0.6374 +/- 0.0055,0.4519 +/- 0.0000,0.5544 +/- 0.0000,0.6240 +/- 0.0185,0.6075 +/- 0.0166,0.6112 +/- 0.0165,0.6401 +/- 0.0082
CM1,PC3,0.5768 +/- 0.0104,0.3686 +/- 0.0000,0.5208 +/- 0.0000,0.5940 +/- 0.0098,0.5701 +/- 0.0052,0.5754 +/- 0.0115,0.5887 +/- 0.0105
CM1,PC4,0.4918 +/- 0.0058,0.1899 +/- 0.0000,0.4700 +/- 0.0000,0.4630 +/- 0.0175,0.4549 +/- 0.0078,0.4582 +/- 0.0154,0.3992 +/- 0.0087
MW1,CM1,0.5337 +/- 0.0117,0.4464 +/- 0.0000,0.4602 +/- 0.0000,0.5337 +/- 0.0239,0.5528 +/- 0.0154,0.5325 +/- 0.0183,0.5589 +/- 0.0103
MW1,PC1,0.4653 +/- 0.0173,0.4597 +/- 0.0000,0.4467 +/- 0.0000,0.4755 +/- 0.0137,0.4654 +/- 0.0114,0.4740 +/- 0.0121,0.5570 +/- 0.0105
MW1,PC3,0.5702 +/- 0.0087,0.5006 +/- 0.0000,0.4820 +/- 0.0000,0.5522 +/- 0.0091,0.5502 +/- 0.0072,0.5603 +/- 0.0067,0.5505 +/- 0.0062
MW1,PC4,0.2932 +/- 0.0087,0.1822 +/- 0.0000,0.3647 +/- 0.0000,0.2812 +/- 0.0098,0.2704 +/- 0.0085,0.2856 +/- 0.0110,0.3447 +/- 0.0075
PC1,CM1,0.5029 +/- 0.0182,0.3020 +/- 0.0000,0.2175 +/- 0.0000,0.6327 +/- 0.0148,0.6451 +/- 0.0110,0.6293 +/- 0.0152,0.6612 +/- 0.0126
PC1,MW1,0.6844 +/- 0.0184,0.3371 +/- 0.0000,0.2772 +/- 0.0000,0.7119 +/- 0.0076,0.6795 +/- 0.0154,0.6891 +/- 0.0242,0.6886 +/- 0.0217
PC1,PC3,0.6237 +/- 0.0064,0.2842 +/- 0.0000,0.1928 +/- 0.0000,0.6551 +/- 0.0093,0.6404 +/- 0.0079,0.6544 +/- 0.0087,0.6642 +/- 0.0115
PC1,PC4,0.5544 +/- 0.0060,0.3529 +/- 0.0000,0.3244 +/- 0.0000,0.5762 +/- 0.0072,0.5615 +/- 0.0066,0.5649 +/- 0.0083,0.5833 +/- 0.0135
PC3,CM1,0.5442 +/- 0.0091,0.3009 +/- 0.0000,0.2659 +/- 0.0000,0.5644 +/- 0.0171,0.5810 +/- 0.0096,0.5688 +/- 0.0168,0.5466 +/- 0.0112
PC3,MW1,0.6043 +/- 0.0076,0.3371 +/- 0.0000,0.3599 +/- 0.0000,0.5636 +/- 0.0288,0.5605 +/- 0.0092,0.5440 +/- 0.0140,0.5405 +/- 0.0152
PC3,PC1,0.6435 +/- 0.0108,0.3978 +/- 0.0000,0.2992 +/- 0.0000,0.6698 +/- 0.0132,0.6671 +/- 0.0100,0.6552 +/- 0.0110,0.6081 +/- 0.0111
PC3,PC4,0.6396 +/- 0.0037,0.4450 +/- 0.0000,0.4386 +/- 0.0000,0.6508 +/- 0.0055,0.6412 +/- 0.0034,0.6381 +/- 0.0067,0.6242 +/- 0.0074
PC4,CM1,0.4977 +/- 0.0135,0.2896 +/- 0.0000,0.2528 +/- 0.0000,0.4530 +/- 0.0213,0.5377 +/- 0.0178,0.4957 +/- 0.0194,0.5379 +/- 0.0071
PC4,MW1,0.4258 +/- 0.0243,0.1891 +/- 0.0000,0.2614 +/- 0.0000,0.3860 +/- 0.0251,0.3913 +/- 0.0016,0.3600 +/- 0.0155,0.3362 +/- 0.0143
PC4,PC1,0.6058 +/- 0.0049,0.4980 +/- 0.0000,0.4366 +/- 0.0000,0.6183 +/- 0.0070,0.6003 +/- 0.0057,0.6141 +/- 0.0063,0.5985 +/- 0.0062
PC4,PC3,0.5614 +/- 0.0027,0.4198 +/- 0.0000,0.3557 +/- 0.0000,0.6070 +/- 0.0065,0.5886 +/- 0.0053,0.6027 +/- 0.0025,0.6074 +/- 0.0074
W/T/L,,,20/0/0,19/0/1,8/1/11,10/0/10,11/0/9,8/0/12
Average (%),,55.75,35.94,36.57,55.72,55.33,55.08,55.57
RELINK,,,,,,,,
A,S,0.5145 +/- 0.0000,0.5145 +/- 0.0000,0.7358 +/- 0.0000,0.5145 +/- 0.0000,0.5145 +/- 0.0000,0.5145 +/- 0.0000,0.5145 +/- 0.0000
A,Z,0.6200 +/- 0.0000,0.6200 +/- 0.0000,0.5774 +/- 0.0000,0.6200 +/- 0.0000,0.6200 +/- 0.0000,0.6200 +/- 0.0000,0.6200 +/- 0.0000
S,A,0.5827 +/- 0.0095,0.5563 +/- 0.0000,0.6324 +/- 0.0000,0.5757 +/- 0.0158,0.5729 +/- 0.0077,0.5781 +/- 0.0111,0.5578 +/- 0.0118
S,Z,0.5697 +/- 0.0061,0.5658 +/- 0.0000,0.5667 +/- 0.0000,0.5658 +/- 0.0106,0.5638 +/- 0.0048,0.5678 +/- 0.0073,0.5536 +/- 0.0087
Z,A,0.5584 +/- 0.0107,0.3965 +/- 0.0000,0.6478 +/- 0.0000,0.5838 +/- 0.0158,0.5677 +/- 0.0153,0.5805 +/- 0.0197,0.5402 +/- 0.0118
Z,S,0.7147 +/- 0.0216,0.4625 +/- 0.0000,0.5557 +/- 0.0000,0.6228 +/- 0.0250,0.6054 +/- 0.0169,0.5986 +/- 0.0197,0.5712 +/- 0.0313
W/T/L,,,4/2/0,3/0/3,3/2/1,3/2/1,3/2/1,4/2/0
Average (%),,59.33,51.92,61.93,58.04,57.41,57.66,55.95
SOFTLAB,,,,,,,,
ar1,ar3,0.3115 +/- 0.0026,0.3471 +/- 0.0000,0.0000 +/- 0.0000,0.3161 +/- 0.0230,0.3114 +/- 0.0022,0.3168 +/- 0.0238,0.3556 +/- 0.0584
ar1,ar4,0.5948 +/- 0.0267,0.0000 +/- 0.0000,0.4394 +/- 0.0000,0.5989 +/- 0.0237,0.5966 +/- 0.0175,0.5845 +/- 0.0164,0.5472 +/- 0.0116
ar1,ar5,0.6287 +/- 0.0409,0.0000 +/- 0.0000,0.0000 +/- 0.0000,0.6320 +/- 0.0378,0.6340 +/- 0.0366,0.6508 +/- 0.0162,0.5282 +/- 0.0632
ar1,ar6,0.4966 +/- 0.0285,0.4340 +/- 0.0000,0.5753 +/- 0.0000,0.4913 +/- 0.0305,0.4979 +/- 0.0354,0.4970 +/- 0.0282,0.5536 +/- 0.0135
ar3,ar1,0.5689 +/- 0.0412,0.4319 +/- 0.0000,0.3021 +/- 0.0000,0.5732 +/- 0.0398,0.5317 +/- 0.0351,0.5710 +/- 0.0410,0.5568 +/- 0.0415
ar3,ar4,0.6213 +/- 0.0122,0.6311 +/- 0.0000,0.4068 +/- 0.0000,0.6179 +/- 0.0075,0.6242 +/- 0.0054,0.6205 +/- 0.0118,0.5596 +/- 0.0412
ar3,ar5,0.7324 +/- 0.0028,0.7470 +/- 0.0000,0.8018 +/- 0.0000,0.7417 +/- 0.0241,0.7319 +/- 0.0000,0.7319 +/- 0.0000,0.6809 +/- 0.0932
ar3,ar6,0.6299 +/- 0.0173,0.5568 +/- 0.0000,0.4575 +/- 0.0000,0.6165 +/- 0.0093,0.6282 +/- 0.0091,0.6291 +/- 0.0167,0.5394 +/- 0.0403
ar4,ar1,0.6853 +/- 0.0038,0.7520 +/- 0.0000,0.3934 +/- 0.0000,0.7212 +/- 0.0250,0.7276 +/- 0.0159,0.7275 +/- 0.0219,0.7201 +/- 0.0318
ar4,ar3,0.7466 +/- 0.0351,0.5780 +/- 0.0000,0.5897 +/- 0.0000,0.6639 +/- 0.0312,0.5308 +/- 0.0211,0.6440 +/- 0.0372,0.4835 +/- 0.0097
ar4,ar5,0.7964 +/- 0.0190,0.6814 +/- 0.0000,0.8345 +/- 0.0000,0.7834 +/- 0.0282,0.7132 +/- 0.0364,0.7672 +/- 0.0334,0.7452 +/- 0.0195
ar4,ar6,0.4820 +/- 0.0230,0.4092 +/- 0.0000,0.3838 +/- 0.0000,0.4715 +/- 0.0244,0.4757 +/- 0.0212,0.4676 +/- 0.0252,0.4638 +/- 0.0279
ar5,ar1,0.6309 +/- 0.0145,0.6378 +/- 0.0000,0.6108 +/- 0.0000,0.6660 +/- 0.0283,0.6532 +/- 0.0304,0.6413 +/- 0.0239,0.5870 +/- 0.0265
ar5,ar3,0.7684 +/- 0.0096,0.7920 +/- 0.0000,0.5661 +/- 0.0000,0.7622 +/- 0.0055,0.7690 +/- 0.0075,0.7675 +/- 0.0089,0.6580 +/- 0.0768
ar5,ar4,0.6978 +/- 0.0340,0.6145 +/- 0.0000,0.5754 +/- 0.0000,0.7184 +/- 0.0329,0.7296 +/- 0.0224,0.7097 +/- 0.0280,0.6533 +/- 0.0261
ar5,ar6,0.6668 +/- 0.0220,0.6163 +/- 0.0000,0.3522 +/- 0.0000,0.6582 +/- 0.0156,0.6726 +/- 0.0153,0.6589 +/- 0.0243,0.6772 +/- 0.0392
ar6,ar1,0.5967 +/- 0.0130,0.5483 +/- 0.0000,0.6140 +/- 0.0000,0.5789 +/- 0.0167,0.5539 +/- 0.0355,0.5632 +/- 0.0317,0.5526 +/- 0.0287
ar6,ar3,0.7540 +/- 0.0079,0.5661 +/- 0.0000,0.5157 +/- 0.0000,0.7605 +/- 0.0231,0.7223 +/- 0.0351,0.7401 +/- 0.0326,0.6774 +/- 0.0374
ar6,ar4,0.6150 +/- 0.0171,0.3596 +/- 0.0000,0.5931 +/- 0.0000,0.5743 +/- 0.0280,0.5222 +/- 0.0276,0.5364 +/- 0.0303,0.4202 +/- 0.0242
ar6,ar5,0.7471 +/- 0.0257,0.5901 +/- 0.0000,0.5786 +/- 0.0000,0.7633 +/- 0.0462,0.7276 +/- 0.0160,0.7475 +/- 0.0376,0.6386 +/- 0.0268
W/T/L,,,14/0/6,16/0/4,10/0/10,11/0/9,12/0/8,16/0/4
Average (%),,63.85,51.47,47.95,63.55,61.77,62.86,57.99
AEEEM,,,,,,,,
EQ,JDT,0.6733 +/- 0.0072,0.6459 +/- 0.0000,0.5142 +/- 0.0000,0.6289 +/- 0.0115,0.6291 +/- 0.0075,0.6334 +/- 0.0124,0.6256 +/- 0.0094
EQ,LC,0.6583 +/- 0.0073,0.6582 +/- 0.0000,0.3602 +/- 0.0000,0.6376 +/- 0.0148,0.6116 +/- 0.0091,0.6309 +/- 0.0111,0.6190 +/- 0.0161
EQ,ML,0.5403 +/- 0.0067,0.5404 +/- 0.0000,0.4229 +/- 0.0000,0.5189 +/- 0.0080,0.4873 +/- 0.0059,0.5101 +/- 0.0077,0.5234 +/- 0.0091
EQ,PDE,0.6532 +/- 0.0067,0.6509 +/- 0.0000,0.3971 +/- 0.0000,0.6458 +/- 0.0111,0.6277 +/- 0.0064,0.6420 +/- 0.0077,0.5996 +/- 0.0095
JDT,EQ,0.5403 +/- 0.0107,0.5027 +/- 0.0000,0.5669 +/- 0.0000,0.5732 +/- 0.0136,0.6099 +/- 0.0090,0.5956 +/- 0.0145,0.6038 +/- 0.0081
JDT,LC,0.6489 +/- 0.0072,0.6056 +/- 0.0000,0.6627 +/- 0.0000,0.6298 +/- 0.0145,0.6101 +/- 0.0106,0.6356 +/- 0.0130,0.6572 +/- 0.0095
JDT,ML,0.6145 +/- 0.0053,0.5527 +/- 0.0000,0.5917 +/- 0.0000,0.6178 +/- 0.0119,0.6194 +/- 0.0067,0.6210 +/- 0.0096,0.5465 +/- 0.0072
JDT,PDE,0.6591 +/- 0.0044,0.5815 +/- 0.0000,0.6186 +/- 0.0000,0.6362 +/- 0.0098,0.6460 +/- 0.0047,0.6480 +/- 0.0066,0.5900 +/- 0.0051
LC,EQ,0.5757 +/- 0.0083,0.3798 +/- 0.0000,0.4890 +/- 0.0000,0.6010 +/- 0.0098,0.5861 +/- 0.0081,0.5924 +/- 0.0114,0.5662 +/- 0.0053
LC,JDT,0.7096 +/- 0.0054,0.5474 +/- 0.0000,0.2903 +/- 0.0000,0.7032 +/- 0.0063,0.6870 +/- 0.0063,0.7047 +/- 0.0067,0.6494 +/- 0.0041
LC,ML,0.5414 +/- 0.0060,0.4177 +/- 0.0000,0.5560 +/- 0.0000,0.5396 +/- 0.0102,0.5145 +/- 0.0039,0.5423 +/- 0.0108,0.5536 +/- 0.0073
LC,PDE,0.6008 +/- 0.0028,0.4890 +/- 0.0000,0.5890 +/- 0.0000,0.5906 +/- 0.0075,0.5774 +/- 0.0048,0.5883 +/- 0.0073,0.5934 +/- 0.0034
ML,EQ,0.4915 +/- 0.0094,0.3026 +/- 0.0000,0.2628 +/- 0.0000,0.5626 +/- 0.0126,0.5306 +/- 0.0068,0.5405 +/- 0.0112,0.5510 +/- 0.0068
ML,JDT,0.6159 +/- 0.0054,0.4021 +/- 0.0000,0.4699 +/- 0.0000,0.6135 +/- 0.0075,0.5822 +/- 0.0068,0.5929 +/- 0.0079,0.5520 +/- 0.0091
ML,LC,0.6042 +/- 0.0094,0.4583 +/- 0.0000,0.4427 +/- 0.0000,0.6098 +/- 0.0172,0.6086 +/- 0.0065,0.5941 +/- 0.0169,0.5365 +/- 0.0145
ML,PDE,0.6130 +/- 0.0039,0.4018 +/- 0.0000,0.4687 +/- 0.0000,0.6031 +/- 0.0086,0.5673 +/- 0.0050,0.5829 +/- 0.0068,0.5827 +/- 0.0042
PDE,EQ,0.5302 +/- 0.0065,0.3866 +/- 0.0000,0.3907 +/- 0.0000,0.6048 +/- 0.0156,0.5884 +/- 0.0098,0.5921 +/- 0.0105,0.5917 +/- 0.0067
PDE,JDT,0.6939 +/- 0.0060,0.4686 +/- 0.0000,0.5524 +/- 0.0000,0.6920 +/- 0.0163,0.6864 +/- 0.0065,0.6980 +/- 0.0089,0.6207 +/- 0.0101
PDE,LC,0.6666 +/- 0.0133,0.5231 +/- 0.0000,0.6088 +/- 0.0000,0.6613 +/- 0.0153,0.6609 +/- 0.0096,0.6650 +/- 0.0127,0.5266 +/- 0.0172
PDE,ML,0.5704 +/- 0.0061,0.3996 +/- 0.0000,0.3799 +/- 0.0000,0.5652 +/- 0.0080,0.5627 +/- 0.0077,0.5706 +/- 0.0063,0.5148 +/- 0.0048
W/T/L,,,19/0/1,17/0/3,14/0/6,14/0/6,12/0/8,15/0/5
Average (%),,61.01,49.57,48.17,61.17,59.97,60.90,58.02
Overall W/T/L,,,57/2/7,55/0/11,35/3/28,38/2/26,38/2/26,43/2/21
Overall Average (%),,60.12,46.23,45.84,59.96,58.87,59.44,57.08
